﻿<GroupBox Name="GBDEDITwip_wo_header" printborder="1"><Ctrls>
<GroupBox Multiline="0" Name="GB_org_name" printborder="1"><Ctrls>
<Label Align="Right" Text="" Name="lb_x" Size="60,20"/>
<Label Align="Right" Text="苏州博亚科技有限公司" Name="lb_org_name" Size="200,20"/>
<BR/><Label Align="Right" Text="long_description" Name="lb_long_description" Size="60,20"/>
<TextBox Text="" ToolTip="ttp_long_description" Name="long_description" Size="120,20"/>
<TextBox Text="新模" ToolTip="ttp_model" Name="model" Size="60,20"/>
</Ctrls></GroupBox>

<BR/>
<GroupBox Multiline="0" Name="GB_default_buyer" printborder="1"><Ctrls>
<Label Align="Right" Text="default_buyer" Name="lb_default_buyer" Size="60,20"/>
<TextBox Text="" ToolTip="ttp_default_buyer" Name="default_buyer" Size="120,20"/>
</Ctrls></GroupBox>

<GroupBox Multiline="0" Name="GB_item_tpx" printborder="1"><Ctrls>
<Label Align="Right" Text="来料批号" Name="lb_item_tpx" Size="60,20"/>
<TextBox Text="" ToolTip="ttp_item_tp" Name="item_tpx" Size="60,20"/>
</Ctrls></GroupBox>

<BR/>
<GroupBox Multiline="0" Name="GB_item_name" printborder="1"><Ctrls>
<Label Align="Right" Text="品名" Name="lb_item_name" Size="60,20"/>
<TextBox Text="" ToolTip="ttp_item_name" Name="item_name" Size="120,20">
	<DbDetails fcsm="1">
<DbTable>mes_trace.item i left join mes_trace.category cg on i.item_category=cg.category_id left join mes_trace.ar_customer c on i.default_buyer=c.ar_customer_id</DbTable>
<Index>item_id_m</Index>
<Data>item_name,customer_name default_buyer,category item_tp,item_number,i.long_description,bc_label,item_id_m</Data>
<Where>item_type=99</Where>
<queryFormat/></DbDetails>
</TextBox>
</Ctrls></GroupBox>

<GroupBox Multiline="0" Name="GB_quantity" printborder="1"><Ctrls>
<Label Align="Right" Text="quantity" Name="lb_quantity" Size="60,20"/>
<TextBox Text="" Name="quantity" ToolTip="回车生成二维码" Size="60,20">
<OnEnterKey>
<magicdata filename="data/qr_wip_wo_inv_number.png"><data>%{item_name[bc_label]},%{lot_number_id},%{completion_date},%{quantity}</data></magicdata>
<submit next="qr_itemname" namelist="magicdata" function="B65ABE3E-702E-4762-99FD-FB40546733B0"/>
</OnEnterKey></TextBox></Ctrls></GroupBox>

<BR/>
<GroupBox Multiline="0" Name="GB_qr_item_name" printborder="1"><Ctrls>
<MagicCtrl Name="qr_itemname" link="tip:qr_itemname" images="layout/ucin,logo.png" Size="100,100" OnLoad="init">
	<interface id="barencode" type="IBizInterface" codebase="barencode.dll" dir="layout/ucin/" classid="B65ABE3E-702E-4762-99FD-FB40546733B0" version="3.0"/>
	<OnEvent_B65ABE3E-702E-4762-99FD-FB40546733B0_1><if cond="%{qr_itemname[B65ABE3E-702E-4762-99FD-FB40546733B0.data]}"><DbDetails><queryFormat>select '%{qr_itemname[B65ABE3E-702E-4762-99FD-FB40546733B0.data]}' as images</queryFormat></DbDetails><submit namelist="DbDetails"/><submit namelist="DbDetails" next="qr_itemname1"/></if></OnEvent_B65ABE3E-702E-4762-99FD-FB40546733B0_1>
	</MagicCtrl>
</Ctrls></GroupBox>

<GroupBox Multiline="0" Name="GB_lot_number_idx" printborder="1"><Ctrls>
<GroupBox Multiline="0" Name="GB_lot_number_id"><Ctrls>
<Label Align="Right" Text="生产批号" Name="lb_lot_number_id" readonly="true" Size="60,20"/> 
<TextBox Text="" ToolTip="ttp_lot_number_id" Name="lot_number_id" readonly="true" Size="120,20">
</TextBox> </Ctrls></GroupBox>
<BR/>
<GroupBox Multiline="0" Name="GB_completion_date"><Ctrls>
<Label Align="Right" Text="日期" Name="lb_completion_date" Size="60,20"/>
<DateTime ToolTip="ttp_completion_date" Name="completion_date" Size="120,20" Format="yyyy-MM-dd"/>
</Ctrls></GroupBox>

<BR/>
<GroupBox Multiline="0" Name="GB_qc"><Ctrls>
<Label Align="Right" Text="检验员" Name="lb_qc" Size="60,20"/>
<TextBox Text="梁宗梅" ToolTip="" Name="qc" Size="120,20">
</TextBox>
</Ctrls></GroupBox>
</Ctrls></GroupBox>


</Ctrls></GroupBox>